{
    "id": "aacf3266-b6c1-47ab-b180-9d10cf8462bb",
    "started_at": "2025-12-18T22:47:00.155296",
    "finished_at": null,
    "n_total_trials": 70,
    "stats": {
        "n_trials": 69,
        "n_errors": 0,
        "evals": {
            "nvidia-nemotron-nano__openthoughts_dataset": {
                "n_trials": 69,
                "n_errors": 0,
                "metrics": [
                    {
                        "mean": 0.06841183574879227
                    }
                ],
                "reward_stats": {
                    "reward": {
                        "0.0": [
                            "e81b357a-a7d1-47f5-936f-bbe7185a__7dgSZY7",
                            "1d7ab372-5c14-492c-85da-e2a7e7e3__zrbZaoi",
                            "gomoku-planner__HvaPejM",
                            "png-generation__m5WzMLG",
                            "7b5c7cbb-5182-4d11-9979-2dfa017e__2CSLX2s",
                            "ab72149d-33f8-4e69-9088-711bd86c__MgoxNHV",
                            "9a052f3e-f867-418b-ad6d-41cd056e__oNnhVgj",
                            "af2eb409-fff6-479d-81d6-c29bf13e__DukzRaS",
                            "35bd72ae-9435-4475-8e33-fa179463__P8maWmM",
                            "8fd89f74-b0c8-4718-a09d-e4330bd0__7w3S5HN",
                            "f4c905fc-4ad8-4509-a669-90eb8299__QmveHns",
                            "jq-data-processing__r3Hpnhc",
                            "hydra-debug-slurm-mode__koeU9FT",
                            "531e1ca7-c794-4e7f-87cc-6350725e__cZo6gdt",
                            "recover-accuracy-log__BpHEJhZ",
                            "b3e41e4e-6d1b-484a-8c8b-1dbf9a09__f6shAn2",
                            "vimscript-vim-quine__FHSEorM",
                            "7a86025b-09d1-4f97-9a2e-f55529f4__jfRbrJS",
                            "9f265505-9475-435e-9abf-e46835a7__DHzmKCf",
                            "6a31ce44-db27-42a2-957c-0b25c493__DzUEEPy",
                            "1c671160-51a2-4496-9099-ee921125__NXi5xaG",
                            "f91e56f8-120c-4a77-9328-fdb1385c__LXp2bpq",
                            "a7de53df-43da-49ad-9818-1722e92e__andqiX7",
                            "broken-python__mXeNoaA",
                            "c0e954b0-e4cc-41f1-9cd1-672947ce__Q5EijPj",
                            "mnist-learning-fix__bMyt85Z",
                            "235c441d-e785-4e86-9659-a434b9fd__ho5vR3M",
                            "schedule-vacation__hpxWYQd",
                            "0c5c169a-2c85-4120-8e4e-32471b1a__AMHBonh",
                            "cb5bcfba-9d5e-419d-9ff1-47cdc224__79B4pVa",
                            "0895cf7d-e27e-4ff7-a984-265d79de__QpGy5nM",
                            "bd1e3aee-64e5-4209-bf0f-b994088c__F53cbBn",
                            "1a87dfeb-8ebb-4124-b8ee-b76020ca__K3NL6GT",
                            "6920d458-889d-44cc-afa0-0d29e717__PQxKhsj",
                            "hdfs-deployment__mYktu3w",
                            "jsonl-aggregator__j6xaWLD",
                            "c3e50747-1d94-4050-ae66-a35c7ecf__zRJAc5u",
                            "setup-custom-dev-env__too9hDw",
                            "caf7699c-9d49-4206-9bad-673cc36c__MUMdjLq",
                            "cf794b03-f8b8-4469-b70f-86f77ab4__BP8dTzj",
                            "09d5c141-d065-4d33-a3e6-362dcf5e__pSBwrct",
                            "67d895a6-8f50-4f8d-a4ff-1a31bdc2__3FNvMKu",
                            "35e44800-91e3-49cf-92a6-0a714bab__Jy7uKVw",
                            "0e07948f-c624-4bae-8d02-86081c43__c9dhFMK",
                            "acl-permissions-inheritance__4n8qCuj",
                            "pandas-sql-query__KDhdbWS",
                            "63a70070-8102-4261-bfdf-16d15314__65Xfs8j",
                            "7871a8ce-166a-4b02-9268-5ced8412__CDkmXyh",
                            "e803529c-e3aa-4be9-91bb-46555582__iwgBfQk",
                            "d84deb8a-5043-49e0-96ab-817e2104__A5KiuJb",
                            "d4c9e7d7-20a3-4081-bea3-52b900ac__ugZqg9k",
                            "sparql-professors-universities__j35vPVH",
                            "43210b08-43ab-4949-a091-a8e1dd83__jSEqPYF",
                            "949155ae-3b77-483c-96c2-7f0f423c__ffybpjV",
                            "e1f1bbca-fb42-4ef8-8367-cdacd3c2__oSUV4bh",
                            "71401830-6e66-496c-a946-6eb9616d__99aQPLU",
                            "3dd9a49b-a9a4-44ac-932f-79899b92__7gPcLgb",
                            "amuse-install__KZUdqca",
                            "pandas-etl__YjtsBYx",
                            "855ec91f-5c7d-4863-a07b-232411a7__JDG3Fa9",
                            "mlflow-register__dPKSPyz",
                            "analyze-access-logs__uVnngVu",
                            "82c37f5b-fbac-48d7-b023-b4472cfd__WGr6Dn9"
                        ],
                        "0.6204166666666666": [
                            "f19460df-fb63-414d-9b32-9b88ac5e__tW8F52V"
                        ],
                        "1.0": [
                            "d8d92009-1ee1-40b2-8c4f-e7b63e31__ttw5Lmc",
                            "d0dda5fa-b4e8-4a32-8304-68f5d993__XPPATLd",
                            "log-summary__5rjbRUx",
                            "flood-monitoring-basic__mCYEoXx"
                        ],
                        "0.1": [
                            "c725d931-2893-4dfa-a4a8-186cfa1e__btH88nJ"
                        ]
                    }
                },
                "exception_stats": {}
            }
        }
    },
    "trial_results": []
}